Prediction Date,Actual Outcome,Predicted Outcome,Win Probability,Confidence Score,Prediction Correct
2025-11-28,Abandoned,Abandoned,0.0621,High,True
2026-01-05,Abandoned,Abandoned,0.0688,High,True
2025-11-28,Abandoned,Won,0.4789,Medium,False
2026-01-05,Abandoned,Won,0.4954,Medium,False
2026-01-30,Abandoned,Won,0.505,Medium,False
2026-02-27,Abandoned,Abandoned,0.2339,High,True
2025-11-28,Abandoned,Abandoned,0.0401,High,True
2026-01-05,Abandoned,Abandoned,0.0447,High,True
2026-01-30,Abandoned,Abandoned,0.0403,High,True
2026-02-27,Abandoned,Abandoned,0.0403,High,True
2025-11-28,Abandoned,Abandoned,0.0258,High,True
2026-01-05,Abandoned,Abandoned,0.0286,High,True
2026-01-30,Abandoned,Abandoned,0.0258,High,True
2025-11-28,Abandoned,Abandoned,0.2446,Medium,True
2026-01-05,Abandoned,Abandoned,0.2596,Medium,True
2026-01-30,Abandoned,Abandoned,0.2395,Medium,True
2026-02-27,Abandoned,Abandoned,0.2395,Medium,True
2025-11-28,Abandoned,Abandoned,0.0994,High,True
2026-01-05,Abandoned,Abandoned,0.1034,High,True
2026-01-30,Abandoned,Abandoned,0.1071,High,True
2026-02-27,Abandoned,Abandoned,0.1071,High,True
2026-04-10,Abandoned,Abandoned,0.0417,High,True
2025-11-28,Abandoned,Abandoned,0.0231,High,True
2026-01-05,Abandoned,Abandoned,0.0259,High,True
2025-11-28,Abandoned,Abandoned,0.2151,Medium,True
2026-01-05,Abandoned,Abandoned,0.2212,Medium,True
2026-01-30,Abandoned,Abandoned,0.2104,Medium,True
2026-02-27,Abandoned,Abandoned,0.2247,Medium,True
2025-11-28,Abandoned,Lost,0.1916,Low,False
2026-01-05,Abandoned,Abandoned,0.1515,Medium,True
2026-01-30,Abandoned,Lost,0.1352,Medium,False
2026-02-27,Abandoned,Abandoned,0.1241,Medium,True
2025-11-28,Abandoned,Abandoned,0.2654,Low,True
2026-01-05,Abandoned,Abandoned,0.2159,Medium,True
2026-01-30,Abandoned,Abandoned,0.2099,Medium,True
2026-02-27,Abandoned,Abandoned,0.2125,Medium,True
2025-11-28,Abandoned,Abandoned,0.0151,High,True
2026-01-05,Abandoned,Abandoned,0.0152,High,True
2025-11-28,Lost,Won,0.7741,High,False
2026-01-05,Lost,Won,0.8223,High,False
2025-11-28,Abandoned,Abandoned,0.0423,High,True
2026-01-05,Abandoned,Abandoned,0.0393,High,True
2026-01-30,Abandoned,Abandoned,0.0379,High,True
2026-02-27,Abandoned,Abandoned,0.0401,High,True
2025-11-28,Abandoned,Abandoned,0.2035,Medium,True
2026-01-05,Abandoned,Abandoned,0.2169,Medium,True
2026-01-30,Abandoned,Abandoned,0.3752,Medium,True
2026-02-27,Abandoned,Abandoned,0.2226,Medium,True
2025-11-28,Abandoned,Abandoned,0.0739,High,True
2026-01-05,Abandoned,Abandoned,0.0772,High,True
2026-01-30,Abandoned,Abandoned,0.062,High,True
2026-02-27,Abandoned,Abandoned,0.0773,High,True
2026-04-10,Abandoned,Abandoned,0.0556,High,True
2025-11-28,Won,Abandoned,0.1581,Medium,False
2026-01-05,Won,Lost,0.1572,Low,False
2025-11-28,Abandoned,Won,0.4683,Medium,False
2026-01-05,Abandoned,Abandoned,0.4192,Medium,True
2026-01-30,Abandoned,Abandoned,0.4391,Medium,True
2025-11-28,Abandoned,Abandoned,0.0178,High,True
2026-01-05,Abandoned,Abandoned,0.0199,High,True
2026-01-30,Abandoned,Abandoned,0.0178,High,True
2026-02-27,Abandoned,Abandoned,0.0178,High,True
2025-11-28,Abandoned,Abandoned,0.0329,High,True
2026-01-05,Abandoned,Abandoned,0.0343,High,True
2026-01-30,Abandoned,Abandoned,0.0329,High,True
2026-02-27,Abandoned,Abandoned,0.0448,High,True
2026-01-30,Abandoned,Abandoned,0.1209,Medium,True
2026-02-27,Abandoned,Abandoned,0.1224,Medium,True
2025-11-28,Won,Abandoned,0.1581,Medium,False
2026-01-05,Won,Lost,0.1572,Low,False
2025-11-28,Abandoned,Abandoned,0.1561,High,True
2025-11-28,Abandoned,Abandoned,0.01,High,True
2026-01-05,Abandoned,Abandoned,0.0115,High,True
2026-01-30,Abandoned,Abandoned,0.0098,High,True
2025-11-28,Abandoned,Abandoned,0.031,High,True
2026-01-05,Abandoned,Abandoned,0.0362,High,True
2026-01-30,Abandoned,Abandoned,0.031,High,True
2026-02-27,Abandoned,Abandoned,0.031,High,True
2026-04-10,Abandoned,Abandoned,0.031,High,True
2025-11-28,Abandoned,Abandoned,0.0981,High,True
2026-01-05,Abandoned,Abandoned,0.1176,High,True
2026-01-30,Abandoned,Abandoned,0.1087,High,True
2026-02-27,Abandoned,Abandoned,0.0923,High,True
2026-04-10,Abandoned,Abandoned,0.0844,High,True
2025-11-28,Abandoned,Abandoned,0.0176,High,True
2026-01-05,Abandoned,Abandoned,0.0196,High,True
2026-01-30,Abandoned,Abandoned,0.021,High,True
2026-02-27,Abandoned,Abandoned,0.021,High,True
2026-04-10,Abandoned,Abandoned,0.021,High,True
2025-11-28,Abandoned,Won,0.5938,Medium,False
2026-01-05,Abandoned,Won,0.5752,Medium,False
2026-01-30,Abandoned,Won,0.5292,Medium,False
2026-02-27,Abandoned,Won,0.5658,Medium,False
2025-11-28,Won,Won,0.4096,Low,True
2026-01-05,Won,Won,0.4165,Low,True
2026-01-30,Won,Abandoned,0.2197,Medium,False
2025-11-28,Abandoned,Abandoned,0.288,Medium,True
2026-01-05,Abandoned,Abandoned,0.296,Medium,True
2026-01-30,Abandoned,Abandoned,0.2144,Medium,True
2026-02-27,Abandoned,Abandoned,0.2144,Medium,True
2025-11-28,Abandoned,Abandoned,0.0337,High,True
2026-01-05,Abandoned,Abandoned,0.0391,High,True
2026-01-30,Abandoned,Abandoned,0.0379,High,True
2026-02-27,Abandoned,Abandoned,0.0366,High,True
2025-11-28,Abandoned,Lost,0.0306,Medium,False
2025-11-28,Abandoned,Abandoned,0.3046,Low,True
2026-01-05,Abandoned,Abandoned,0.3099,Low,True
2026-01-30,Abandoned,Abandoned,0.2282,Low,True
2026-02-27,Abandoned,Abandoned,0.2282,Low,True
2026-04-10,Abandoned,Abandoned,0.2282,Low,True
2025-11-28,Won,Abandoned,0.2169,Medium,False
2025-11-28,Abandoned,Abandoned,0.0476,High,True
2026-01-05,Abandoned,Abandoned,0.0491,High,True
2025-11-28,Abandoned,Abandoned,0.0243,High,True
2026-01-05,Abandoned,Abandoned,0.0253,High,True
2025-11-28,Abandoned,Abandoned,0.056,High,True
2026-01-05,Abandoned,Abandoned,0.0613,High,True
2025-11-28,Abandoned,Abandoned,0.0599,High,True
2026-01-05,Abandoned,Abandoned,0.0585,High,True
2025-11-28,Abandoned,Abandoned,0.0224,Medium,True
2026-01-05,Abandoned,Abandoned,0.0239,Medium,True
2026-01-30,Abandoned,Abandoned,0.0224,Medium,True
2026-02-27,Abandoned,Abandoned,0.0224,Medium,True
2026-04-10,Abandoned,Abandoned,0.0224,Medium,True
2025-11-28,Abandoned,Abandoned,0.0926,High,True
2025-11-28,Abandoned,Abandoned,0.0125,High,True
2026-01-05,Abandoned,Abandoned,0.0131,High,True
2026-01-30,Abandoned,Abandoned,0.0125,High,True
2026-02-27,Abandoned,Abandoned,0.0125,High,True
2025-11-28,Abandoned,Abandoned,0.2095,Medium,True
2026-01-05,Abandoned,Abandoned,0.1977,Medium,True
2026-01-30,Abandoned,Abandoned,0.2092,Medium,True
2025-11-28,Abandoned,Abandoned,0.1253,High,True
2026-01-05,Abandoned,Abandoned,0.13,High,True
2026-01-30,Abandoned,Abandoned,0.0881,High,True
2025-11-28,Abandoned,Abandoned,0.0201,High,True
2026-01-05,Abandoned,Abandoned,0.0193,High,True
2026-01-30,Abandoned,Abandoned,0.0185,High,True
2026-02-27,Abandoned,Abandoned,0.0185,High,True
2026-04-10,Abandoned,Abandoned,0.0187,High,True
2026-05-08,Abandoned,Abandoned,0.0167,High,True
2025-11-28,Abandoned,Abandoned,0.0973,High,True
2026-01-05,Abandoned,Abandoned,0.1058,High,True
2026-01-30,Abandoned,Abandoned,0.0973,High,True
2026-02-27,Abandoned,Abandoned,0.0973,High,True
2026-04-10,Abandoned,Abandoned,0.0973,High,True
2025-11-28,Abandoned,Abandoned,0.1004,Medium,True
2025-11-28,Abandoned,Won,0.4572,Medium,False
2026-01-05,Abandoned,Won,0.4646,Medium,False
2026-01-30,Abandoned,Won,0.4493,Low,False
2026-02-27,Abandoned,Won,0.4181,Low,False
2025-11-28,Won,Abandoned,0.1765,Medium,False
2026-01-05,Won,Abandoned,0.182,Medium,False
2026-01-30,Won,Abandoned,0.1765,Medium,False
2026-02-27,Won,Abandoned,0.1705,Medium,False
2025-11-28,Abandoned,Abandoned,0.0624,High,True
2026-01-05,Abandoned,Abandoned,0.0648,High,True
2026-01-30,Abandoned,Abandoned,0.062,High,True
2026-02-27,Abandoned,Abandoned,0.0595,High,True
2025-11-28,Abandoned,Abandoned,0.1351,Medium,True
2026-01-05,Abandoned,Abandoned,0.1435,Medium,True
2025-11-28,Abandoned,Abandoned,0.1126,High,True
2026-01-05,Abandoned,Abandoned,0.1221,High,True
2026-01-30,Abandoned,Abandoned,0.1126,High,True
2026-02-27,Abandoned,Abandoned,0.1071,High,True
2026-04-10,Abandoned,Abandoned,0.1051,High,True
2026-05-08,Abandoned,Abandoned,0.0764,High,True
2025-11-28,Abandoned,Abandoned,0.0956,High,True
2025-11-28,Abandoned,Abandoned,0.0147,High,True
2025-11-28,Abandoned,Abandoned,0.3732,Medium,True
2026-01-05,Abandoned,Abandoned,0.393,Medium,True
2026-01-30,Abandoned,Abandoned,0.3732,Medium,True
2026-02-27,Abandoned,Abandoned,0.3756,Medium,True
2026-04-10,Abandoned,Abandoned,0.3721,Medium,True
2025-11-28,Abandoned,Won,0.5634,Medium,False
2025-11-28,Abandoned,Abandoned,0.0233,High,True
2026-01-05,Abandoned,Abandoned,0.0243,High,True
2026-01-30,Abandoned,Abandoned,0.0273,High,True
2026-02-27,Abandoned,Abandoned,0.0446,High,True
2025-11-28,Won,Abandoned,0.1359,High,False
2026-01-05,Won,Abandoned,0.141,High,False
2026-01-30,Won,Abandoned,0.1897,Medium,False
2026-02-27,Won,Abandoned,0.1888,Medium,False
2026-04-10,Won,Abandoned,0.2384,Medium,False
2025-11-28,Won,Won,0.4165,Low,True
2026-01-05,Won,Won,0.4339,Low,True
2026-01-30,Won,Won,0.458,Medium,True
2026-02-27,Won,Won,0.4879,Medium,True
2025-11-28,Abandoned,Abandoned,0.334,Medium,True
2026-01-05,Abandoned,Abandoned,0.1036,High,True
2026-01-30,Abandoned,Abandoned,0.0771,High,True
2026-02-27,Abandoned,Abandoned,0.0733,High,True
2026-04-10,Abandoned,Abandoned,0.2553,Medium,True
2026-05-08,Abandoned,Abandoned,0.2291,Medium,True
2025-11-28,Won,Abandoned,0.2241,Medium,False
2026-01-05,Won,Abandoned,0.2697,Medium,False
2025-11-28,Abandoned,Lost,0.1652,Medium,False
2026-01-05,Abandoned,Lost,0.2474,Medium,False
2025-11-28,Abandoned,Abandoned,0.0464,High,True
2026-01-05,Abandoned,Abandoned,0.0508,High,True
2025-11-28,Abandoned,Abandoned,0.0203,High,True
2025-11-28,Abandoned,Abandoned,0.0312,High,True
2026-01-05,Abandoned,Abandoned,0.03,High,True
2025-11-28,Abandoned,Abandoned,0.0461,High,True
2026-01-05,Abandoned,Abandoned,0.058,High,True
2026-01-30,Abandoned,Abandoned,0.0531,High,True
2026-02-27,Abandoned,Abandoned,0.0531,High,True
2026-04-10,Abandoned,Abandoned,0.0531,High,True
2026-05-08,Abandoned,Abandoned,0.0531,High,True
2025-11-28,Abandoned,Abandoned,0.0501,High,True
2026-01-05,Abandoned,Abandoned,0.0548,High,True
2025-11-28,Abandoned,Abandoned,0.0241,High,True
2025-11-28,Abandoned,Won,0.5213,Medium,False
2026-01-05,Abandoned,Won,0.5364,Medium,False
2026-01-30,Abandoned,Won,0.6134,Medium,False
2026-02-27,Abandoned,Won,0.6134,Medium,False
2025-11-28,Abandoned,Abandoned,0.0071,High,True
2026-01-05,Abandoned,Abandoned,0.0075,High,True
2026-01-30,Abandoned,Abandoned,0.0067,High,True
2026-02-27,Abandoned,Abandoned,0.0067,High,True
2026-04-10,Abandoned,Abandoned,0.0071,High,True
2025-11-28,Lost,Won,0.5409,Medium,False
2026-01-05,Lost,Won,0.627,Medium,False
2025-11-28,Won,Abandoned,0.3168,Low,False
2026-01-05,Won,Abandoned,0.3496,Medium,False
2025-11-28,Abandoned,Abandoned,0.1539,High,True
2026-01-05,Abandoned,Abandoned,0.1534,High,True
2026-01-30,Abandoned,Abandoned,0.1539,High,True
2026-02-27,Abandoned,Abandoned,0.1596,High,True
2026-04-10,Abandoned,Abandoned,0.1596,High,True
2025-11-28,Abandoned,Abandoned,0.13,High,True
2026-01-05,Abandoned,Abandoned,0.1392,Medium,True
2025-11-28,Abandoned,Abandoned,0.0118,High,True
2026-01-05,Abandoned,Abandoned,0.0131,High,True
2025-11-28,Abandoned,Abandoned,0.0343,High,True
2026-01-05,Abandoned,Abandoned,0.0317,High,True
2026-01-30,Abandoned,Abandoned,0.0285,High,True
2026-02-27,Abandoned,Abandoned,0.0285,High,True
2026-04-10,Abandoned,Abandoned,0.0295,High,True
2025-11-28,Abandoned,Abandoned,0.0621,High,True
2026-01-05,Abandoned,Abandoned,0.0684,High,True
2025-11-28,Abandoned,Abandoned,0.0159,High,True
2026-01-05,Abandoned,Abandoned,0.0166,High,True
2025-11-28,Abandoned,Abandoned,0.0703,Medium,True
2026-01-05,Abandoned,Abandoned,0.0767,Medium,True
2026-01-30,Abandoned,Abandoned,0.0365,High,True
2026-02-27,Abandoned,Abandoned,0.0281,High,True
2025-11-28,Abandoned,Abandoned,0.0194,Medium,True
2026-01-05,Abandoned,Lost,0.0206,Medium,False
2026-01-30,Abandoned,Lost,0.022,Medium,False
2026-02-27,Abandoned,Lost,0.022,Medium,False
2025-11-28,Abandoned,Abandoned,0.3744,Medium,True
2025-11-28,Abandoned,Abandoned,0.0123,High,True
2026-01-05,Abandoned,Abandoned,0.0126,High,True
2025-11-28,Abandoned,Abandoned,0.0626,High,True
2026-01-05,Abandoned,Abandoned,0.0652,High,True
2026-01-30,Abandoned,Abandoned,0.0626,High,True
2026-02-27,Abandoned,Abandoned,0.051,High,True
2025-11-28,Abandoned,Abandoned,0.0969,High,True
2026-01-05,Abandoned,Abandoned,0.1117,High,True
2026-01-30,Abandoned,Abandoned,0.1075,High,True
2026-02-27,Abandoned,Abandoned,0.0752,High,True
2026-04-10,Abandoned,Abandoned,0.0862,High,True
2026-05-08,Abandoned,Abandoned,0.0585,High,True
2025-11-28,Abandoned,Abandoned,0.0526,High,True
2026-01-05,Abandoned,Abandoned,0.0581,High,True
2025-11-28,Abandoned,Abandoned,0.0186,High,True
2026-01-05,Abandoned,Abandoned,0.0194,High,True
2026-01-30,Abandoned,Abandoned,0.0186,High,True
2025-11-28,Abandoned,Abandoned,0.0317,High,True
2026-01-05,Abandoned,Abandoned,0.0328,High,True
2026-01-30,Abandoned,Abandoned,0.0317,High,True
2025-11-28,Abandoned,Won,0.5686,Medium,False
2026-01-05,Abandoned,Won,0.5904,Medium,False
2026-01-30,Abandoned,Won,0.5961,Medium,False
2025-11-28,Abandoned,Won,0.705,High,False
2026-01-05,Abandoned,Won,0.6992,Medium,False
2026-01-30,Abandoned,Won,0.7103,High,False
2026-02-27,Abandoned,Won,0.7065,High,False
2025-11-28,Won,Lost,0.2358,Medium,False
2025-11-28,Abandoned,Abandoned,0.1933,Medium,True
2026-01-05,Abandoned,Abandoned,0.2567,Medium,True
2026-01-30,Abandoned,Won,0.5282,Medium,False
2026-02-27,Abandoned,Won,0.4903,Medium,False
2025-11-28,Abandoned,Abandoned,0.0316,High,True
2026-01-05,Abandoned,Abandoned,0.0346,High,True
2026-01-30,Abandoned,Abandoned,0.0316,High,True
2026-02-27,Abandoned,Abandoned,0.0316,High,True
2026-04-10,Abandoned,Abandoned,0.0316,High,True
2026-05-08,Abandoned,Abandoned,0.0316,High,True
2025-11-28,Won,Abandoned,0.079,High,False
2026-01-05,Won,Abandoned,0.0994,High,False
2026-01-30,Won,Abandoned,0.0941,High,False
2026-02-27,Won,Abandoned,0.1152,Medium,False
2025-11-28,Abandoned,Abandoned,0.0346,High,True
2026-01-05,Abandoned,Abandoned,0.036,High,True
2025-11-28,Abandoned,Abandoned,0.1938,High,True
2026-01-05,Abandoned,Abandoned,0.1932,High,True
2026-01-30,Abandoned,Abandoned,0.1938,High,True
2026-02-27,Abandoned,Abandoned,0.1938,High,True
2026-04-10,Abandoned,Abandoned,0.1938,High,True
2026-05-08,Abandoned,Abandoned,0.1938,High,True
2025-11-28,Won,Won,0.3683,Low,True
2025-11-28,Abandoned,Abandoned,0.0127,High,True
2026-01-05,Abandoned,Abandoned,0.0135,High,True
2025-11-28,Abandoned,Abandoned,0.0571,High,True
2026-01-05,Abandoned,Abandoned,0.0624,High,True
2026-01-30,Abandoned,Abandoned,0.0571,High,True
2025-11-28,Abandoned,Abandoned,0.0548,High,True
2026-01-05,Abandoned,Abandoned,0.06,High,True
2025-11-28,Abandoned,Lost,0.0042,Medium,False
2026-01-05,Abandoned,Lost,0.0043,Medium,False
2026-01-30,Abandoned,Lost,0.0046,Medium,False
2026-02-27,Abandoned,Lost,0.0046,Medium,False
2026-04-10,Abandoned,Abandoned,0.0044,Medium,True
2025-11-28,Abandoned,Abandoned,0.0125,High,True
2026-01-05,Abandoned,Abandoned,0.0139,High,True
2025-11-28,Abandoned,Abandoned,0.1879,High,True
2026-01-05,Abandoned,Abandoned,0.2225,Medium,True
2025-11-28,Abandoned,Abandoned,0.0226,High,True
2026-01-05,Abandoned,Abandoned,0.0253,High,True
2025-11-28,Abandoned,Abandoned,0.0179,High,True
2026-01-05,Abandoned,Abandoned,0.0186,High,True
2025-11-28,Abandoned,Abandoned,0.0542,High,True
2026-01-05,Abandoned,Abandoned,0.059,High,True
2025-11-28,Abandoned,Abandoned,0.2294,Medium,True
2026-01-05,Abandoned,Abandoned,0.2443,Medium,True
2025-11-28,Abandoned,Abandoned,0.1532,High,True
2026-01-05,Abandoned,Abandoned,0.1478,High,True
2026-01-30,Abandoned,Abandoned,0.1532,High,True
2025-11-28,Abandoned,Abandoned,0.1075,High,True
2026-01-05,Abandoned,Abandoned,0.1182,High,True
2026-01-30,Abandoned,Abandoned,0.1087,High,True
2026-02-27,Abandoned,Abandoned,0.1322,High,True
2025-11-28,Abandoned,Abandoned,0.0929,High,True
2026-01-05,Abandoned,Abandoned,0.0685,High,True
2026-01-30,Abandoned,Abandoned,0.0658,High,True
2026-02-27,Abandoned,Abandoned,0.0658,High,True
2026-04-10,Abandoned,Abandoned,0.0657,High,True
2025-11-28,Abandoned,Abandoned,0.0176,High,True
2026-01-05,Abandoned,Abandoned,0.0217,High,True
2025-11-28,Won,Abandoned,0.309,Medium,False
2026-01-05,Won,Abandoned,0.3535,Medium,False
2026-01-30,Won,Abandoned,0.2225,Medium,False
2025-11-28,Abandoned,Abandoned,0.0296,High,True
2026-01-05,Abandoned,Abandoned,0.0238,High,True
2026-01-30,Abandoned,Abandoned,0.0228,High,True
2026-02-27,Abandoned,Abandoned,0.026,High,True
2026-04-10,Abandoned,Abandoned,0.026,High,True
2026-05-08,Abandoned,Abandoned,0.061,High,True
2025-11-28,Abandoned,Abandoned,0.0587,High,True
2026-01-05,Abandoned,Abandoned,0.0865,Medium,True
2026-01-30,Abandoned,Abandoned,0.084,Medium,True
2026-02-27,Abandoned,Abandoned,0.0882,Medium,True
2026-04-10,Abandoned,Abandoned,0.0829,Medium,True
2025-11-28,Abandoned,Abandoned,0.1466,High,True
2026-01-05,Abandoned,Abandoned,0.1836,High,True
2025-11-28,Abandoned,Abandoned,0.2687,Medium,True
2026-01-05,Abandoned,Abandoned,0.2658,Medium,True
2026-01-30,Abandoned,Abandoned,0.2471,Medium,True
2026-02-27,Abandoned,Abandoned,0.2008,Medium,True
2026-04-10,Abandoned,Abandoned,0.1515,High,True
2026-05-08,Abandoned,Abandoned,0.0718,High,True
2025-11-28,Abandoned,Abandoned,0.0188,High,True
2026-01-05,Abandoned,Abandoned,0.0135,High,True
2026-01-30,Abandoned,Abandoned,0.0139,High,True
2025-11-28,Abandoned,Abandoned,0.0202,High,True
2026-01-05,Abandoned,Abandoned,0.0143,High,True
2026-01-30,Abandoned,Abandoned,0.0139,High,True
2025-11-28,Abandoned,Abandoned,0.0202,High,True
2026-01-05,Abandoned,Abandoned,0.0135,High,True
2026-01-30,Abandoned,Abandoned,0.0139,High,True
2025-11-28,Abandoned,Abandoned,0.4266,Medium,True
2026-01-05,Abandoned,Abandoned,0.3076,Medium,True
2026-01-30,Abandoned,Abandoned,0.3497,Medium,True
2025-11-28,Abandoned,Abandoned,0.4123,Medium,True
2026-01-05,Abandoned,Abandoned,0.2945,Medium,True
2026-01-30,Abandoned,Abandoned,0.3359,Medium,True
2025-11-28,Abandoned,Abandoned,0.2067,High,True
2026-01-05,Abandoned,Abandoned,0.1763,High,True
2025-11-28,Won,Abandoned,0.2877,Medium,False
2026-01-05,Won,Abandoned,0.2812,Medium,False
2025-11-28,Abandoned,Abandoned,0.2389,High,True
2026-01-05,Abandoned,Abandoned,0.1573,High,True
2026-01-30,Abandoned,Abandoned,0.1037,High,True
2026-02-27,Abandoned,Abandoned,0.1037,High,True
2026-04-10,Abandoned,Abandoned,0.1037,High,True
2025-11-28,Abandoned,Abandoned,0.0906,High,True
2026-01-05,Abandoned,Abandoned,0.0547,High,True
2026-01-30,Abandoned,Abandoned,0.0419,High,True
2026-02-27,Abandoned,Abandoned,0.0419,High,True
2026-04-10,Abandoned,Abandoned,0.0422,High,True
2026-05-08,Abandoned,Abandoned,0.0419,High,True
2025-11-28,Abandoned,Abandoned,0.1725,High,True
2026-01-05,Abandoned,Abandoned,0.1507,High,True
2026-01-30,Abandoned,Abandoned,0.0909,High,True
2025-11-28,Abandoned,Abandoned,0.1845,High,True
2026-01-05,Abandoned,Abandoned,0.2226,Medium,True
2025-11-28,Abandoned,Abandoned,0.1845,High,True
2026-01-05,Abandoned,Abandoned,0.2226,Medium,True
2025-11-28,Abandoned,Abandoned,0.227,Medium,True
2025-11-28,Abandoned,Abandoned,0.4172,Medium,True
2026-01-05,Abandoned,Won,0.4984,Medium,False
2025-11-28,Abandoned,Abandoned,0.0676,High,True
2026-01-05,Abandoned,Abandoned,0.1156,High,True
2026-01-30,Abandoned,Abandoned,0.2373,Medium,True
2026-02-27,Abandoned,Abandoned,0.2545,Medium,True
2025-11-28,Abandoned,Abandoned,0.0641,High,True
2026-01-05,Abandoned,Abandoned,0.043,High,True
2025-11-28,Abandoned,Abandoned,0.0695,High,True
2025-11-28,Abandoned,Abandoned,0.1149,High,True
2026-01-05,Abandoned,Abandoned,0.1977,Medium,True
2025-11-28,Won,Abandoned,0.3244,Medium,False
2026-01-05,Won,Abandoned,0.2956,Low,False
2025-11-28,Abandoned,Abandoned,0.0896,High,True
2026-01-05,Abandoned,Abandoned,0.137,High,True
2026-01-30,Abandoned,Abandoned,0.1529,High,True
2026-02-27,Abandoned,Abandoned,0.1968,High,True
2026-04-10,Abandoned,Abandoned,0.1968,High,True
2025-11-28,Abandoned,Abandoned,0.0336,High,True
2026-01-05,Abandoned,Abandoned,0.0256,High,True
2026-01-30,Abandoned,Abandoned,0.0147,High,True
2025-11-28,Abandoned,Abandoned,0.3027,Medium,True
2026-01-05,Abandoned,Abandoned,0.4315,Medium,True
2026-01-30,Abandoned,Abandoned,0.3355,Medium,True
2026-02-27,Abandoned,Abandoned,0.3734,Medium,True
2025-11-28,Abandoned,Won,0.5122,Medium,False
2026-01-05,Abandoned,Won,0.6387,Medium,False
2026-01-30,Abandoned,Won,0.5495,Medium,False
2026-02-27,Abandoned,Won,0.5883,Medium,False
2025-11-28,Abandoned,Abandoned,0.0963,High,True
2026-01-05,Abandoned,Abandoned,0.0692,High,True
2026-01-30,Abandoned,Abandoned,0.0369,High,True
2026-02-27,Abandoned,Abandoned,0.0277,High,True
2026-04-10,Abandoned,Abandoned,0.0277,High,True
2025-11-28,Won,Abandoned,0.2865,Low,False
2025-11-28,Abandoned,Won,0.5523,Medium,False
2026-01-05,Abandoned,Won,0.4812,Medium,False
2025-11-28,Abandoned,Lost,0.1441,Medium,False
2026-01-05,Abandoned,Abandoned,0.215,Medium,True
2026-01-30,Abandoned,Abandoned,0.164,Medium,True
2025-11-28,Abandoned,Lost,0.3284,Low,False
2025-11-28,Abandoned,Abandoned,0.1042,High,True
2025-11-28,Abandoned,Abandoned,0.1267,High,True
2025-11-28,Abandoned,Abandoned,0.3187,Medium,True
2026-01-05,Abandoned,Abandoned,0.2729,Medium,True
2025-11-28,Abandoned,Abandoned,0.1739,Medium,True
2026-01-05,Abandoned,Abandoned,0.1623,Medium,True
2026-01-30,Abandoned,Abandoned,0.1416,Medium,True
2026-02-27,Abandoned,Abandoned,0.1403,Medium,True
2026-01-30,Abandoned,Abandoned,0.0965,High,True
2026-02-27,Abandoned,Abandoned,0.0762,High,True
2026-04-10,Abandoned,Abandoned,0.0692,High,True
2026-05-08,Abandoned,Abandoned,0.072,High,True
2025-11-28,Abandoned,Won,0.7874,High,False
2026-01-05,Abandoned,Won,0.79,High,False
2026-01-30,Abandoned,Won,0.777,High,False
2026-02-27,Abandoned,Won,0.6818,Medium,False
2026-04-10,Abandoned,Won,0.8327,High,False
2025-11-28,Abandoned,Abandoned,0.2267,High,True
2026-01-05,Abandoned,Abandoned,0.2758,Medium,True
2026-01-30,Abandoned,Abandoned,0.2279,High,True
2026-02-27,Abandoned,Abandoned,0.1509,High,True
2026-04-10,Abandoned,Abandoned,0.3458,Medium,True
2025-11-28,Abandoned,Abandoned,0.276,Medium,True
2026-01-05,Abandoned,Abandoned,0.31,Medium,True
2026-01-30,Abandoned,Abandoned,0.2773,Medium,True
2026-02-27,Abandoned,Abandoned,0.1879,High,True
2026-04-10,Abandoned,Abandoned,0.3462,Medium,True
2025-11-28,Abandoned,Won,0.6775,Medium,False
2026-01-05,Abandoned,Won,0.6802,Medium,False
2026-01-30,Abandoned,Won,0.6668,Medium,False
2026-02-27,Abandoned,Won,0.5909,Medium,False
2026-04-10,Abandoned,Won,0.691,Medium,False
2025-11-28,Abandoned,Abandoned,0.0938,High,True
2026-01-05,Abandoned,Abandoned,0.0838,High,True
2026-01-30,Abandoned,Abandoned,0.0677,High,True
2025-11-28,Won,Abandoned,0.4421,Medium,False
2026-01-05,Won,Abandoned,0.3941,Medium,False
2025-11-28,Abandoned,Abandoned,0.1293,High,True
2026-01-05,Abandoned,Abandoned,0.1583,High,True
2026-01-30,Abandoned,Abandoned,0.13,High,True
2026-02-27,Abandoned,Abandoned,0.1877,High,True
2026-04-10,Abandoned,Abandoned,0.1429,High,True
2026-05-08,Abandoned,Abandoned,0.1657,High,True
2025-11-28,Won,Abandoned,0.2799,Medium,False
2026-01-05,Won,Abandoned,0.3342,Medium,False
2026-01-30,Won,Abandoned,0.416,Medium,False
2026-02-27,Won,Abandoned,0.3043,Medium,False
2025-11-28,Abandoned,Abandoned,0.0915,High,True
2026-01-05,Abandoned,Abandoned,0.0864,High,True
2026-01-30,Abandoned,Abandoned,0.0718,High,True
2025-11-28,Won,Abandoned,0.1749,Medium,False
2026-01-05,Won,Abandoned,0.1693,Medium,False
2026-01-30,Won,Abandoned,0.1287,Medium,False
2026-02-27,Won,Abandoned,0.1116,High,False
2025-11-28,Abandoned,Won,0.5352,Medium,False
2026-01-05,Abandoned,Won,0.5392,Medium,False
2026-01-30,Abandoned,Won,0.5197,Medium,False
2025-11-28,Abandoned,Abandoned,0.1237,High,True
2026-01-05,Abandoned,Abandoned,0.1283,High,True
2026-01-30,Abandoned,Abandoned,0.1237,High,True
2026-02-27,Abandoned,Abandoned,0.1237,High,True
2025-11-28,Won,Abandoned,0.3211,Low,False
2026-01-05,Won,Lost,0.2245,Low,False
2026-01-30,Won,Abandoned,0.2323,Medium,False
2026-02-27,Won,Abandoned,0.3185,Low,False
2026-04-10,Won,Won,0.4909,Medium,True
2025-11-28,Abandoned,Abandoned,0.0857,High,True
2025-11-28,Abandoned,Abandoned,0.0538,High,True
2026-01-05,Abandoned,Abandoned,0.0586,High,True
2025-11-28,Won,Abandoned,0.2165,High,False
2025-11-28,Abandoned,Won,0.6107,Medium,False
2026-01-05,Abandoned,Won,0.5925,Medium,False
2026-01-30,Abandoned,Won,0.6361,Medium,False
2026-02-27,Abandoned,Won,0.6015,Medium,False
2025-11-28,Won,Abandoned,0.1029,High,False
2026-01-05,Won,Abandoned,0.1068,High,False
2026-01-30,Won,Abandoned,0.1642,Medium,False
2025-11-28,Abandoned,Won,0.3789,Low,False
2025-11-28,Abandoned,Abandoned,0.2046,Medium,True
2026-01-05,Abandoned,Abandoned,0.2112,Medium,True
2025-11-28,Abandoned,Abandoned,0.2106,Medium,True
2026-01-05,Abandoned,Abandoned,0.216,Medium,True
2026-01-30,Abandoned,Abandoned,0.1936,Medium,True
2026-02-27,Abandoned,Abandoned,0.1745,Medium,True
2025-11-28,Won,Abandoned,0.3336,Medium,False
2026-01-05,Won,Abandoned,0.3095,Medium,False
2026-01-30,Won,Abandoned,0.2721,Medium,False
2026-02-27,Won,Abandoned,0.1972,Medium,False
2025-11-28,Abandoned,Abandoned,0.0787,High,True
2025-11-28,Lost,Abandoned,0.1297,Medium,False
2026-01-05,Lost,Abandoned,0.1171,High,False
2026-01-30,Lost,Abandoned,0.1456,Medium,False
2026-02-27,Lost,Abandoned,0.1843,Medium,False
2025-11-28,Won,Abandoned,0.3282,Medium,False
2026-01-05,Won,Abandoned,0.3507,Medium,False
2025-11-28,Won,Abandoned,0.3145,Medium,False
2026-01-05,Won,Abandoned,0.2275,Medium,False
2025-11-28,Won,Abandoned,0.329,Medium,False
2026-01-05,Won,Abandoned,0.2494,Medium,False
2025-11-28,Won,Abandoned,0.3216,Medium,False
2026-01-05,Won,Abandoned,0.3479,Medium,False
2025-11-28,Abandoned,Abandoned,0.0961,Medium,True
2026-01-05,Abandoned,Abandoned,0.1251,High,True
2026-01-30,Abandoned,Abandoned,0.1318,High,True
2026-02-27,Abandoned,Abandoned,0.1282,High,True
2026-04-10,Abandoned,Abandoned,0.1043,High,True
2025-11-28,Won,Abandoned,0.1284,High,False
2025-11-28,Won,Abandoned,0.2783,Medium,False
2026-01-05,Won,Won,0.4458,Low,True
2025-11-28,Won,Abandoned,0.1478,High,False
2026-01-05,Won,Abandoned,0.1757,High,False
2026-01-30,Won,Abandoned,0.1163,High,False
2025-11-28,Abandoned,Abandoned,0.0643,High,True
2026-01-05,Abandoned,Abandoned,0.0639,High,True
2026-01-30,Abandoned,Abandoned,0.0648,High,True
2026-02-27,Abandoned,Abandoned,0.0431,High,True
2026-04-10,Abandoned,Abandoned,0.1286,High,True
2025-11-28,Abandoned,Won,0.745,High,False
2026-01-05,Abandoned,Won,0.7426,High,False
2026-01-30,Abandoned,Abandoned,0.1313,Medium,True
2025-11-28,Abandoned,Abandoned,0.0428,High,True
2026-01-05,Abandoned,Abandoned,0.0446,High,True
2025-11-28,Abandoned,Abandoned,0.2053,Medium,True
2026-01-05,Abandoned,Abandoned,0.22,Medium,True
2026-01-30,Abandoned,Abandoned,0.2124,Medium,True
2026-02-27,Abandoned,Lost,0.0419,High,False
2025-11-28,Won,Abandoned,0.1771,Low,False
2026-01-05,Won,Abandoned,0.1694,Medium,False
2026-01-30,Won,Abandoned,0.1726,Medium,False
2026-02-27,Won,Abandoned,0.1854,Medium,False
2025-11-28,Won,Abandoned,0.1785,Medium,False
2026-01-05,Won,Abandoned,0.1641,Medium,False
2026-01-30,Won,Abandoned,0.1258,High,False
2026-02-27,Won,Abandoned,0.1609,Medium,False
2025-11-28,Won,Abandoned,0.1182,High,False
2026-02-27,Won,Abandoned,0.1124,High,False
2026-04-10,Won,Abandoned,0.0568,High,False
2025-11-28,Won,Abandoned,0.263,Medium,False
2026-01-05,Won,Abandoned,0.2722,Medium,False
2025-11-28,Won,Abandoned,0.1965,High,False
2026-01-05,Won,Abandoned,0.1993,Medium,False
2025-11-28,Abandoned,Won,0.4163,Low,False
2025-11-28,Won,Won,0.5446,Medium,True
2026-01-05,Won,Abandoned,0.4522,Medium,False
2026-01-30,Won,Abandoned,0.4633,Medium,False
2026-02-27,Won,Abandoned,0.2918,Medium,False
2025-11-28,Abandoned,Abandoned,0.1515,Medium,True
2026-01-05,Abandoned,Abandoned,0.1547,Medium,True
2026-01-30,Abandoned,Abandoned,0.1392,Medium,True
2025-11-28,Won,Abandoned,0.3963,Medium,False
2026-01-05,Won,Abandoned,0.3759,Medium,False
2026-01-30,Won,Abandoned,0.3963,Medium,False
2026-02-27,Won,Abandoned,0.4347,Medium,False
2026-04-10,Won,Abandoned,0.3977,Medium,False
2025-11-28,Abandoned,Abandoned,0.0959,High,True
2026-01-05,Abandoned,Abandoned,0.0998,High,True
2025-11-28,Abandoned,Abandoned,0.0763,High,True
2025-11-28,Abandoned,Abandoned,0.2451,Medium,True
2025-11-28,Abandoned,Abandoned,0.3769,Low,True
2026-01-05,Abandoned,Abandoned,0.3615,Low,True
2026-01-30,Abandoned,Abandoned,0.3769,Low,True
2025-11-28,Abandoned,Abandoned,0.1534,High,True
2026-01-05,Abandoned,Abandoned,0.159,High,True
2026-01-30,Abandoned,Abandoned,0.1534,High,True
2025-11-28,Abandoned,Abandoned,0.1918,Medium,True
2026-01-05,Abandoned,Abandoned,0.1977,Medium,True
2026-01-30,Abandoned,Abandoned,0.1918,Medium,True
2025-11-28,Abandoned,Abandoned,0.1099,High,True
2026-01-05,Abandoned,Abandoned,0.1195,High,True
2026-01-30,Abandoned,Abandoned,0.1099,High,True
2026-02-27,Abandoned,Abandoned,0.1191,High,True
2026-04-10,Abandoned,Abandoned,0.1013,High,True
2025-11-28,Abandoned,Abandoned,0.3301,Medium,True
2025-11-28,Abandoned,Abandoned,0.1648,High,True
2025-11-28,Abandoned,Abandoned,0.1088,High,True
2025-11-28,Abandoned,Abandoned,0.1318,High,True
2026-01-05,Abandoned,Abandoned,0.1426,High,True
2026-01-30,Abandoned,Abandoned,0.1318,High,True
2026-02-27,Abandoned,Abandoned,0.1521,High,True
2025-11-28,Abandoned,Abandoned,0.3356,Medium,True
2025-11-28,Abandoned,Abandoned,0.2478,Medium,True
2026-01-05,Abandoned,Abandoned,0.2622,Medium,True
2026-01-30,Abandoned,Abandoned,0.2478,Medium,True
2026-02-27,Abandoned,Abandoned,0.2744,Medium,True
2026-04-10,Abandoned,Abandoned,0.2488,Medium,True
2026-05-08,Abandoned,Abandoned,0.3208,Medium,True
2025-11-28,Abandoned,Abandoned,0.0717,High,True
2026-01-05,Abandoned,Abandoned,0.0747,High,True
2026-01-30,Abandoned,Abandoned,0.0661,High,True
2026-02-27,Abandoned,Abandoned,0.0776,High,True
2026-04-10,Abandoned,Abandoned,0.0689,High,True
2025-11-28,Won,Abandoned,0.3495,Medium,False
2026-01-05,Won,Abandoned,0.4001,Low,False
2026-01-30,Won,Abandoned,0.2813,Medium,False
2026-02-27,Won,Won,0.4161,Low,True
2026-04-10,Won,Abandoned,0.2497,Medium,False
2026-02-27,Won,Abandoned,0.2429,Medium,False
2026-04-10,Won,Abandoned,0.1962,Medium,False
2025-11-28,Won,Abandoned,0.3499,Medium,False
2026-01-05,Won,Abandoned,0.3712,Medium,False
2025-11-28,Won,Abandoned,0.2494,Medium,False
2026-01-05,Won,Abandoned,0.2087,Medium,False
2025-11-28,Won,Abandoned,0.3148,Medium,False
2026-01-05,Won,Abandoned,0.2429,Low,False
2025-11-28,Won,Abandoned,0.1608,High,False
2026-01-05,Won,Abandoned,0.1664,High,False
2026-01-30,Won,Abandoned,0.2506,Medium,False
2025-11-28,Won,Abandoned,0.3138,Medium,False
2026-01-05,Won,Abandoned,0.3227,Medium,False
2026-01-30,Won,Abandoned,0.3682,Medium,False
2025-11-28,Abandoned,Abandoned,0.1489,High,True
2025-11-28,Lost,Abandoned,0.4139,Low,False
2025-11-28,Won,Abandoned,0.3038,Low,False
2026-01-05,Won,Abandoned,0.3243,Low,False
2025-11-28,Abandoned,Abandoned,0.2228,High,True
2026-01-05,Abandoned,Abandoned,0.2189,Medium,True
2025-11-28,Abandoned,Abandoned,0.0276,High,True
2026-01-05,Abandoned,Abandoned,0.0305,High,True
2026-01-30,Abandoned,Abandoned,0.0276,High,True
2025-11-28,Abandoned,Abandoned,0.0254,High,True
2026-01-05,Abandoned,Abandoned,0.024,High,True
2026-01-30,Abandoned,Abandoned,0.0212,Medium,True
2026-02-27,Abandoned,Abandoned,0.0289,Medium,True
2025-11-28,Abandoned,Abandoned,0.3302,Medium,True
2026-01-05,Abandoned,Abandoned,0.2945,Medium,True
2026-01-30,Abandoned,Abandoned,0.2952,Medium,True
2025-11-28,Abandoned,Abandoned,0.1813,High,True
2026-01-05,Abandoned,Abandoned,0.1953,High,True
2026-01-30,Abandoned,Abandoned,0.1813,High,True
2026-02-27,Abandoned,Abandoned,0.198,High,True
2025-11-28,Abandoned,Abandoned,0.0962,High,True
2025-11-28,Abandoned,Abandoned,0.0497,High,True
2026-01-05,Abandoned,Abandoned,0.0401,High,True
2026-01-30,Abandoned,Abandoned,0.0466,High,True
2026-02-27,Abandoned,Abandoned,0.0602,High,True
2026-04-10,Abandoned,Abandoned,0.0458,High,True
2025-11-28,Won,Abandoned,0.3021,Medium,False
2025-11-28,Abandoned,Abandoned,0.0907,High,True
2025-11-28,Abandoned,Lost,0.3506,Medium,False
2025-11-28,Abandoned,Abandoned,0.0748,High,True
2026-01-05,Abandoned,Abandoned,0.0619,High,True
2026-01-30,Abandoned,Abandoned,0.0535,High,True
2026-02-27,Abandoned,Abandoned,0.0536,High,True
2026-04-10,Abandoned,Abandoned,0.0462,High,True
2026-05-08,Abandoned,Abandoned,0.0402,High,True
2025-11-28,Won,Abandoned,0.1636,High,False
2026-01-05,Won,Abandoned,0.1782,High,False
2026-01-30,Won,Abandoned,0.1652,High,False
2026-02-27,Won,Abandoned,0.3369,Medium,False
2026-04-10,Won,Abandoned,0.3225,Medium,False
2026-05-08,Won,Abandoned,0.2129,High,False
2025-11-28,Won,Abandoned,0.1089,High,False
2026-01-05,Won,Abandoned,0.1809,High,False
2026-01-30,Won,Abandoned,0.2532,Medium,False
2025-11-28,Won,Abandoned,0.1483,High,False
2026-01-05,Won,Abandoned,0.1506,High,False
2026-01-30,Won,Abandoned,0.0864,High,False
2026-02-27,Won,Abandoned,0.2265,Medium,False
2025-11-28,Abandoned,Abandoned,0.2177,Medium,True
2026-01-05,Abandoned,Abandoned,0.2132,Medium,True
2025-11-28,Abandoned,Abandoned,0.0794,High,True
2026-01-05,Abandoned,Abandoned,0.0865,High,True
2026-01-30,Abandoned,Abandoned,0.0794,High,True
2026-02-27,Abandoned,Abandoned,0.0658,High,True
2026-04-10,Abandoned,Abandoned,0.0773,High,True
2026-05-08,Abandoned,Abandoned,0.0608,High,True
2025-11-28,Abandoned,Abandoned,0.0659,Medium,True
2025-11-28,Won,Lost,0.2595,Low,False
2025-11-28,Won,Lost,0.3432,Medium,False
2026-01-05,Won,Lost,0.4066,Low,False
2026-01-30,Won,Lost,0.3571,Low,False
2025-11-28,Lost,Abandoned,0.1794,Medium,False
2026-01-05,Lost,Abandoned,0.1875,Medium,False
2026-01-30,Lost,Abandoned,0.1997,Medium,False
2026-02-27,Lost,Abandoned,0.1997,Medium,False
2026-04-10,Lost,Abandoned,0.2011,Medium,False
2025-11-28,Won,Abandoned,0.0904,High,False
2026-01-05,Won,Abandoned,0.083,High,False
2026-01-30,Won,Abandoned,0.1285,High,False
2025-11-28,Won,Abandoned,0.1657,Medium,False
2025-11-28,Won,Abandoned,0.1642,High,False
2026-01-05,Won,Abandoned,0.1787,High,False
2026-01-30,Won,Abandoned,0.1658,High,False
2026-02-27,Won,Abandoned,0.2319,High,False
2025-11-28,Won,Abandoned,0.1636,High,False
2026-01-05,Won,Abandoned,0.1782,High,False
2026-01-30,Won,Abandoned,0.3311,Medium,False
2026-02-27,Won,Abandoned,0.3582,Medium,False
2025-11-28,Lost,Abandoned,0.0661,High,False
2026-01-05,Lost,Abandoned,0.0997,High,False
2025-11-28,Abandoned,Abandoned,0.0367,High,True
2026-01-05,Abandoned,Abandoned,0.0473,High,True
2026-01-30,Abandoned,Abandoned,0.0423,High,True
2026-02-27,Abandoned,Abandoned,0.0348,High,True
2025-11-28,Abandoned,Abandoned,0.0724,High,True
2026-01-05,Abandoned,Abandoned,0.0805,High,True
2026-01-30,Abandoned,Abandoned,0.0724,High,True
2026-02-27,Abandoned,Abandoned,0.0724,High,True
2026-04-10,Abandoned,Abandoned,0.0724,High,True
2025-11-28,Abandoned,Abandoned,0.0688,High,True
2026-01-05,Abandoned,Abandoned,0.0751,High,True
2025-11-28,Abandoned,Abandoned,0.0879,High,True
2026-01-05,Abandoned,Abandoned,0.0914,High,True
2026-01-30,Abandoned,Abandoned,0.0879,High,True
2026-02-27,Abandoned,Abandoned,0.0879,High,True
2025-11-28,Won,Abandoned,0.1997,High,False
2026-01-05,Won,Abandoned,0.2171,Medium,False
2025-11-28,Abandoned,Abandoned,0.1117,High,True
2026-01-05,Abandoned,Abandoned,0.116,High,True
2026-01-30,Abandoned,Abandoned,0.1117,High,True
2025-11-28,Abandoned,Abandoned,0.1042,High,True
2026-01-05,Abandoned,Abandoned,0.1128,High,True
2026-01-30,Abandoned,Abandoned,0.1042,High,True
2025-11-28,Abandoned,Abandoned,0.3273,Medium,True
2026-01-05,Abandoned,Abandoned,0.3127,Medium,True
2025-11-28,Abandoned,Abandoned,0.0603,High,True
2026-01-05,Abandoned,Abandoned,0.0661,High,True
2026-01-30,Abandoned,Abandoned,0.0603,High,True
2026-02-27,Abandoned,Abandoned,0.0603,High,True
2026-04-10,Abandoned,Abandoned,0.0603,High,True
2026-05-08,Abandoned,Abandoned,0.0673,High,True
2025-11-28,Abandoned,Abandoned,0.1649,Medium,True
2026-01-05,Abandoned,Abandoned,0.1728,Medium,True
2026-01-30,Abandoned,Abandoned,0.1398,Medium,True
2026-02-27,Abandoned,Abandoned,0.1392,Medium,True
2026-04-10,Abandoned,Abandoned,0.1348,Medium,True
2025-11-28,Abandoned,Abandoned,0.0401,High,True
2026-01-05,Abandoned,Abandoned,0.0439,High,True
2026-01-30,Abandoned,Abandoned,0.0395,High,True
2026-02-27,Abandoned,Abandoned,0.0395,High,True
2025-11-28,Abandoned,Abandoned,0.239,Medium,True
2026-01-05,Abandoned,Abandoned,0.2614,Medium,True
2026-02-27,Abandoned,Abandoned,0.2453,Medium,True
2026-04-10,Abandoned,Won,0.6388,Medium,False
2026-05-08,Abandoned,Won,0.6871,Medium,False
2025-11-28,Abandoned,Abandoned,0.0738,High,True
2026-01-05,Abandoned,Abandoned,0.0765,High,True
2026-01-30,Abandoned,Abandoned,0.0738,High,True
2026-02-27,Abandoned,Abandoned,0.0626,High,True
2025-11-28,Won,Abandoned,0.1998,High,False
2026-01-05,Won,Abandoned,0.2062,Medium,False
2026-01-30,Won,Abandoned,0.1965,High,False
2025-11-28,Won,Abandoned,0.211,High,False
2026-01-05,Won,Abandoned,0.2183,High,False
2026-01-30,Won,Won,0.4747,Medium,True
2025-11-28,Abandoned,Abandoned,0.0366,High,True
2026-01-05,Abandoned,Abandoned,0.0382,High,True
2026-01-30,Abandoned,Abandoned,0.0366,High,True
2026-02-27,Abandoned,Abandoned,0.0366,High,True
2026-04-10,Abandoned,Abandoned,0.044,High,True
2026-05-08,Abandoned,Abandoned,0.05,High,True
2025-11-28,Abandoned,Abandoned,0.0888,High,True
2025-11-28,Abandoned,Abandoned,0.0556,High,True
2026-01-05,Abandoned,Abandoned,0.0612,High,True
2026-01-30,Abandoned,Abandoned,0.0556,High,True
2026-02-27,Abandoned,Abandoned,0.0556,High,True
2026-04-10,Abandoned,Abandoned,0.0556,High,True
2026-05-08,Abandoned,Abandoned,0.0515,High,True
2025-11-28,Abandoned,Abandoned,0.1796,High,True
2026-01-05,Abandoned,Abandoned,0.1931,High,True
2026-01-30,Abandoned,Abandoned,0.1796,High,True
2025-11-28,Abandoned,Abandoned,0.0727,High,True
2026-01-05,Abandoned,Abandoned,0.0751,High,True
2026-01-30,Abandoned,Abandoned,0.0722,High,True
2025-11-28,Abandoned,Abandoned,0.0542,High,True
2026-01-05,Abandoned,Abandoned,0.0506,High,True
2026-01-30,Abandoned,Abandoned,0.0512,High,True
2025-11-28,Lost,Abandoned,0.2371,Medium,False
2026-01-05,Lost,Abandoned,0.2573,Low,False
2026-01-30,Lost,Abandoned,0.2449,Low,False
2025-11-28,Abandoned,Abandoned,0.2535,Medium,True
2026-01-05,Abandoned,Abandoned,0.2417,Medium,True
2026-01-30,Abandoned,Abandoned,0.2819,Medium,True
2026-02-27,Abandoned,Abandoned,0.2827,Medium,True
2025-11-28,Abandoned,Abandoned,0.1012,High,True
2025-11-28,Abandoned,Abandoned,0.1187,High,True
2026-01-05,Abandoned,Abandoned,0.1288,High,True
2026-01-30,Abandoned,Abandoned,0.1187,High,True
2026-02-27,Abandoned,Abandoned,0.1187,High,True
2026-01-30,Won,Abandoned,0.1593,Medium,False
2026-02-27,Won,Abandoned,0.1084,High,False
2026-04-10,Won,Abandoned,0.1116,High,False
2025-11-28,Abandoned,Abandoned,0.1975,High,True
2025-11-28,Won,Abandoned,0.1608,Medium,False
2026-01-05,Won,Abandoned,0.1565,Medium,False
2026-01-30,Won,Abandoned,0.2836,Medium,False
2025-11-28,Won,Abandoned,0.1636,High,False
2026-01-05,Won,Abandoned,0.1782,High,False
2026-01-30,Won,Abandoned,0.1652,High,False
2026-02-27,Won,Abandoned,0.1546,High,False
2026-04-10,Won,Abandoned,0.4542,Medium,False
2025-11-28,Won,Abandoned,0.2504,Medium,False
2026-01-05,Won,Abandoned,0.3504,Medium,False
2026-01-30,Won,Abandoned,0.2458,Medium,False
2026-02-27,Won,Abandoned,0.2458,Medium,False
2026-04-10,Won,Won,0.4162,Low,True
2025-11-28,Abandoned,Abandoned,0.156,High,True
2026-01-05,Abandoned,Abandoned,0.1557,High,True
2026-01-30,Abandoned,Abandoned,0.1515,High,True
2026-02-27,Abandoned,Abandoned,0.1515,High,True
2026-04-10,Abandoned,Abandoned,0.1508,High,True
2025-11-28,Won,Abandoned,0.092,High,False
2026-01-05,Won,Abandoned,0.1945,Medium,False
2026-01-30,Won,Abandoned,0.1209,High,False
2026-02-27,Won,Abandoned,0.2744,Medium,False
2026-04-10,Won,Abandoned,0.163,High,False
2025-11-28,Won,Abandoned,0.3756,Medium,False
2026-01-05,Won,Abandoned,0.3961,Medium,False
2026-01-30,Won,Abandoned,0.3714,Medium,False
2026-02-27,Won,Abandoned,0.3714,Medium,False
2026-04-10,Won,Abandoned,0.3326,Medium,False
2026-05-08,Won,Abandoned,0.3123,Medium,False
2025-11-28,Abandoned,Lost,0.1163,Medium,False
2025-11-28,Won,Abandoned,0.0965,High,False
2026-01-05,Won,Abandoned,0.3005,Medium,False
2025-11-28,Won,Abandoned,0.0662,High,False
2026-01-05,Won,Abandoned,0.0691,High,False
2026-01-30,Won,Abandoned,0.08,High,False
2026-02-27,Won,Abandoned,0.1775,High,False
2026-04-10,Won,Lost,0.1563,Medium,False
2025-11-28,Won,Abandoned,0.297,Medium,False
2026-01-05,Won,Abandoned,0.2841,Medium,False
2026-01-30,Won,Abandoned,0.2946,Medium,False
2026-02-27,Won,Abandoned,0.3659,Medium,False
2025-11-28,Abandoned,Abandoned,0.1741,High,True
2026-01-05,Abandoned,Abandoned,0.1736,High,True
2025-11-28,Abandoned,Abandoned,0.2469,Medium,True
2026-01-05,Abandoned,Abandoned,0.2339,Medium,True
2025-11-28,Abandoned,Abandoned,0.3031,Medium,True
2026-01-05,Abandoned,Abandoned,0.2906,Medium,True
2025-11-28,Abandoned,Abandoned,0.0736,High,True
2026-01-05,Abandoned,Abandoned,0.0766,Medium,True
2026-01-30,Abandoned,Abandoned,0.0717,High,True
2025-11-28,Abandoned,Won,0.618,Medium,False
2025-11-28,Abandoned,Abandoned,0.0489,High,True
2025-11-28,Abandoned,Abandoned,0.0768,High,True
2026-01-05,Abandoned,Abandoned,0.0838,High,True
2026-01-30,Abandoned,Abandoned,0.0768,High,True
2026-02-27,Abandoned,Abandoned,0.0636,High,True
2026-04-10,Abandoned,Abandoned,0.0636,High,True
2025-11-28,Abandoned,Abandoned,0.3123,Medium,True
2026-01-05,Abandoned,Abandoned,0.3081,Medium,True
2026-01-30,Abandoned,Abandoned,0.3177,Medium,True
2025-11-28,Lost,Abandoned,0.2267,Medium,False
2026-01-05,Lost,Abandoned,0.2143,Medium,False
2025-11-28,Abandoned,Lost,0.3755,Low,False
2026-01-05,Abandoned,Won,0.4376,Low,False
2025-11-28,Abandoned,Won,0.4923,Medium,False
2025-11-28,Abandoned,Won,0.4923,Medium,False
2025-11-28,Abandoned,Won,0.4313,Low,False
2026-01-05,Abandoned,Won,0.5475,Medium,False
2025-11-28,Won,Lost,0.2109,Low,False
2026-01-05,Won,Abandoned,0.2695,Medium,False
2026-01-30,Won,Abandoned,0.2537,Medium,False
2026-02-27,Won,Abandoned,0.2554,Medium,False
2026-04-10,Won,Won,0.3587,Low,True
2025-11-28,Abandoned,Abandoned,0.0382,High,True
2026-01-05,Abandoned,Abandoned,0.0397,High,True
2026-01-30,Abandoned,Abandoned,0.0357,High,True
2025-11-28,Won,Abandoned,0.2168,Medium,False
2025-11-28,Won,Abandoned,0.147,High,False
2026-01-05,Won,Abandoned,0.1695,High,False
2026-01-30,Won,Abandoned,0.1341,High,False
2026-02-27,Won,Abandoned,0.1129,High,False
2026-04-10,Won,Abandoned,0.0888,Medium,False
2026-05-08,Won,Abandoned,0.0887,High,False
2025-11-28,Abandoned,Abandoned,0.0739,High,True
2026-01-05,Abandoned,Abandoned,0.0853,High,True
2026-01-30,Abandoned,Abandoned,0.0794,High,True
2025-11-28,Abandoned,Abandoned,0.0908,High,True
2026-01-05,Abandoned,Abandoned,0.0942,High,True
2026-01-30,Abandoned,Abandoned,0.0905,High,True
2026-02-27,Abandoned,Abandoned,0.0905,High,True
2025-11-28,Abandoned,Won,0.5484,Medium,False
2026-01-05,Abandoned,Won,0.5716,Medium,False
2025-11-28,Abandoned,Abandoned,0.1422,Medium,True
2026-01-05,Abandoned,Abandoned,0.152,Medium,True
2026-01-30,Abandoned,Abandoned,0.1388,Medium,True
2025-11-28,Abandoned,Abandoned,0.1145,High,True
2025-11-28,Abandoned,Abandoned,0.2479,Medium,True
2025-11-28,Abandoned,Abandoned,0.1498,High,True
2026-01-05,Abandoned,Abandoned,0.1047,High,True
2026-01-30,Abandoned,Abandoned,0.0946,High,True
2026-02-27,Abandoned,Abandoned,0.1456,High,True
2025-11-28,Abandoned,Abandoned,0.0721,High,True
2026-01-05,Abandoned,Abandoned,0.0752,High,True
2026-01-30,Abandoned,Abandoned,0.0571,High,True
2026-02-27,Abandoned,Abandoned,0.0541,High,True
2025-11-28,Abandoned,Abandoned,0.1098,High,True
2026-01-05,Abandoned,Abandoned,0.1141,High,True
2026-01-30,Abandoned,Abandoned,0.1098,High,True
2025-11-28,Won,Abandoned,0.2756,Medium,False
2026-01-05,Won,Abandoned,0.2965,Medium,False
2026-01-30,Won,Abandoned,0.2756,Medium,False
2026-02-27,Won,Abandoned,0.2756,Medium,False
2026-04-10,Won,Won,0.5993,Medium,True
2025-11-28,Won,Abandoned,0.0566,High,False
2026-01-05,Won,Abandoned,0.0582,High,False
2026-01-30,Won,Abandoned,0.1572,High,False
2026-02-27,Won,Abandoned,0.1814,Medium,False
2025-11-28,Abandoned,Abandoned,0.1013,High,True
2026-01-05,Abandoned,Abandoned,0.0595,High,True
2026-01-30,Abandoned,Abandoned,0.0506,High,True
2026-02-27,Abandoned,Abandoned,0.0506,High,True
2026-04-10,Abandoned,Abandoned,0.057,High,True
2026-05-08,Abandoned,Abandoned,0.057,High,True
2025-11-28,Abandoned,Abandoned,0.1625,High,True
2026-01-05,Abandoned,Abandoned,0.1678,Medium,True
2025-11-28,Abandoned,Abandoned,0.1512,High,True
2025-11-28,Abandoned,Abandoned,0.0238,High,True
2026-01-05,Abandoned,Abandoned,0.0311,High,True
2026-01-30,Abandoned,Abandoned,0.0278,High,True
2026-02-27,Abandoned,Abandoned,0.0263,High,True
2026-04-10,Abandoned,Abandoned,0.0238,High,True
2025-11-28,Won,Lost,0.2921,Medium,False
2025-11-28,Won,Abandoned,0.1178,High,False
2026-02-27,Won,Abandoned,0.214,Medium,False
2026-04-10,Won,Abandoned,0.216,Medium,False
2025-11-28,Abandoned,Abandoned,0.2216,Medium,True
2026-01-05,Abandoned,Abandoned,0.237,Medium,True
2026-01-30,Abandoned,Abandoned,0.2297,Medium,True
2026-02-27,Abandoned,Abandoned,0.2298,Medium,True
2025-11-28,Abandoned,Abandoned,0.1617,High,True
2026-01-05,Abandoned,Abandoned,0.1676,High,True
2026-01-30,Abandoned,Abandoned,0.1696,High,True
2026-02-27,Abandoned,Abandoned,0.1687,High,True
2025-11-28,Abandoned,Abandoned,0.0499,High,True
2025-11-28,Won,Abandoned,0.1216,High,False
2026-01-05,Won,Abandoned,0.1324,High,False
2025-11-28,Won,Abandoned,0.4307,Low,False
2026-01-05,Won,Abandoned,0.4158,Medium,False
2026-01-30,Won,Abandoned,0.3661,Medium,False
2025-11-28,Abandoned,Abandoned,0.0216,Medium,True
2026-01-05,Abandoned,Abandoned,0.0201,Medium,True
2025-11-28,Won,Abandoned,0.1326,Medium,False
2026-01-05,Won,Abandoned,0.1294,Medium,False
2025-11-28,Won,Abandoned,0.1789,High,False
2026-01-05,Won,Abandoned,0.1867,High,False
2026-01-30,Won,Abandoned,0.1801,High,False
2025-11-28,Abandoned,Abandoned,0.3063,Medium,True
2026-01-05,Abandoned,Abandoned,0.3051,Medium,True
2026-01-30,Abandoned,Abandoned,0.2572,Medium,True
2026-02-27,Abandoned,Abandoned,0.3008,Medium,True
2026-04-10,Abandoned,Abandoned,0.3161,Medium,True
2025-11-28,Abandoned,Abandoned,0.1602,High,True
2026-01-05,Abandoned,Abandoned,0.1591,High,True
2026-01-30,Abandoned,Abandoned,0.1628,High,True
2026-02-27,Abandoned,Abandoned,0.1564,High,True
2025-11-28,Abandoned,Abandoned,0.07,Medium,True
2025-11-28,Abandoned,Abandoned,0.1954,High,True
2026-01-05,Abandoned,Abandoned,0.1878,High,True
2026-01-30,Abandoned,Abandoned,0.1816,High,True
2026-02-27,Abandoned,Abandoned,0.1145,High,True
2026-04-10,Abandoned,Abandoned,0.1315,High,True
2025-11-28,Abandoned,Abandoned,0.1617,High,True
2025-11-28,Abandoned,Won,0.7824,High,False
2026-01-05,Abandoned,Won,0.7721,High,False
2026-01-30,Abandoned,Won,0.7845,High,False
